{"count":1,"self":190.06879999999998,"total":216.1951177,"children":{"InitializeActuators":{"count":8,"self":0.0032654999999999997,"total":0.0032654999999999997,"children":null},"InitializeSensors":{"count":8,"self":0.0055717,"total":0.0055717,"children":null},"AgentSendState":{"count":10436,"self":0.4236118,"total":4.4848219999999994,"children":{"CollectObservations":{"count":32720,"self":3.7405543999999997,"total":3.7405546,"children":null},"WriteActionMask":{"count":32720,"self":0.096491399999999991,"total":0.096491399999999991,"children":null},"RequestDecision":{"count":32720,"self":0.22416419999999998,"total":0.22416419999999998,"children":null}}},"DecideAction":{"count":10436,"self":21.1740368,"total":21.1740374,"children":null},"AgentAct":{"count":10436,"self":0.4519514,"total":0.4519514,"children":null}},"gauges":{"ArcadeDriver.CumulativeReward":{"count":4085,"max":85.97859,"min":-15.9842319,"runningAverage":-3.58738422,"value":-0.983281,"weightedAverage":-1.42879093}},"metadata":{"timer_format_version":"0.1.0","start_time_seconds":"1670955346","unity_version":"2020.3.29f1","command_line_arguments":"D:\\Unity Editors\\2020.3.29f1\\Editor\\Unity.exe -projectpath D:\\Unity Projects\\Race -useHub -hubIPC -cloudEnvironment production -licensingIpc LicenseClient-Yo -hubSessionId 3b4a7190-7b09-11ed-bd2a-1bbc07138798 -accessToken jAyUMRwks4T_thhyQv2JD0Dx0nOlzsayz5zx-kONJFU004f","communication_protocol_version":"1.5.0","com.unity.ml-agents_version":"2.3.0-exp.2","scene_name":"Training","end_time_seconds":"1670955562"}}