{"count":1,"self":279.8272512,"total":324.7130398,"children":{"InitializeActuators":{"count":4,"self":0.0037264,"total":0.0037264,"children":null},"InitializeSensors":{"count":4,"self":0.0054836,"total":0.0054836,"children":null},"AgentSendState":{"count":15045,"self":0.62751649999999992,"total":7.6940317999999994,"children":{"CollectObservations":{"count":59756,"self":6.5981375999999994,"total":6.5981374,"children":null},"WriteActionMask":{"count":59756,"self":0.13108039999999999,"total":0.13108039999999999,"children":null},"RequestDecision":{"count":59756,"self":0.3372975,"total":0.3372975,"children":null}}},"DecideAction":{"count":15045,"self":36.395065599999995,"total":36.395065699999996,"children":null},"AgentAct":{"count":15045,"self":0.78494199999999992,"total":0.78494199999999992,"children":null}},"gauges":{"ArcadeDriver.CumulativeReward":{"count":5958,"max":86.64637,"min":-10.0131664,"runningAverage":-3.14929938,"value":-0.974692166,"weightedAverage":-1.07217717}},"metadata":{"timer_format_version":"0.1.0","start_time_seconds":"1670516835","unity_version":"2020.3.29f1","command_line_arguments":"D:\\Unity Editors\\2020.3.29f1\\Editor\\Unity.exe -projectpath D:\\Unity Projects\\Race -useHub -hubIPC -cloudEnvironment production -licensingIpc LicenseClient-Yo -hubSessionId 03b22050-7714-11ed-9284-b9ea3603f694 -accessToken m6ONd20jsjqo-hATE7a63J03GKPC8rRNchcwkSTuq9w004f","communication_protocol_version":"1.5.0","com.unity.ml-agents_version":"2.3.0-exp.2","scene_name":"WinScene","end_time_seconds":"1670517160"}}